<?xml version="1.0" encoding="UTF-8"?>
<project-private xmlns="http://www.netbeans.org/ns/project-private/1">
    <editor-bookmarks xmlns="http://www.netbeans.org/ns/editor-bookmarks/2" lastBookmarkId="0"/>
    <open-files xmlns="http://www.netbeans.org/ns/projectui-open-files/2">
        <group>
            <file>file:/C:/Users/DUC%20FILMS/Desktop/New%20folder%20(2)/utmBookingApp/src/DatabaseConnector.java</file>
            <file>file:/C:/Users/DUC%20FILMS/Desktop/New%20folder%20(2)/utmBookingApp/src/utms/main/MainApp.java</file>
            <file>file:/C:/Users/DUC%20FILMS/Desktop/New%20folder%20(2)/utmBookingApp/src/Users.java</file>
            <file>file:/C:/Users/DUC%20FILMS/Desktop/New%20folder%20(2)/utmBookingApp/src/utms/interfaces/Schedulable.java</file>
            <file>file:/C:/Users/DUC%20FILMS/Desktop/New%20folder%20(2)/utmBookingApp/src/utms/model/Van.java</file>
            <file>file:/C:/Users/DUC%20FILMS/Desktop/New%20folder%20(2)/utmBookingApp/src/utms/model/Bus.java</file>
            <file>file:/C:/Users/DUC%20FILMS/Desktop/New%20folder%20(2)/utmBookingApp/src/TransportOfficer.java</file>
            <file>file:/C:/Users/DUC%20FILMS/Desktop/New%20folder%20(2)/utmBookingApp/src/Student.java</file>
            <file>file:/C:/Users/DUC%20FILMS/Desktop/New%20folder%20(2)/utmBookingApp/src/Lecturer.java</file>
            <file>file:/C:/Users/DUC%20FILMS/Desktop/New%20folder%20(2)/utmBookingApp/src/Vehicle.java</file>
        </group>
    </open-files>
</project-private>
